item_id,item_name,current_qty,avg_lead_time_days,unit_cost
MED0001,Rosuvastatin,358,3,184.86
MED0002,Nitrofurantoin,161,10,51.71
MED0003,Losartan,301,12,238.11
MED0004,Escitalopram,337,8,120.78
MED0005,Citalopram,456,12,143.05
MED0006,Lorazepam,121,13,245.04
MED0007,Escitalopram,178,8,79.72
MED0008,Ranitidine,445,8,243.99
MED0009,Doxycycline,45,12,269.59
MED0010,Lisinopril,208,3,99.7
MED0011,Nifedipine,187,12,6.34
MED0012,Pantoprazole,78,6,229.49
MED0013,Rosuvastatin,475,8,43.62
MED0014,Aspirin,157,3,31.74
MED0015,Montelukast,390,6,260.59
MED0016,Metformin,254,4,269.34
MED0017,Amoxicillin,461,7,233.17
MED0018,Acetaminophen,442,2,207.25
MED0019,Albuterol,431,3,179.74
MED0020,Atorvastatin,461,7,299.81
MED0021,Alprazolam,411,13,23.49
MED0022,Metformin,162,13,49.85
MED0023,Gabapentin,475,8,194.02
MED0024,Ranitidine,46,12,112.1
MED0025,Citalopram,290,9,119.13
MED0026,Escitalopram,25,5,83.2
MED0027,Sertraline,354,2,238.66
MED0028,Meloxicam,399,9,244.76
MED0029,Warfarin,376,12,245.75
MED0030,Amoxicillin,283,11,210.82
MED0031,Gabapentin,115,3,116.63
MED0032,Metoprolol,13,4,46.45
MED0033,Oxycodone,64,10,21.08
MED0034,Clopidogrel,496,3,137.8
MED0035,Fluticasone,77,9,265.41
MED0036,Prednisone,108,12,6.39
MED0037,Oxycodone,337,5,297.88
MED0038,Clopidogrel,405,8,126.19
MED0039,Rosuvastatin,499,13,12.81
MED0040,Aspirin,10,8,12.28
MED0041,Levothyroxine,336,9,50.01
MED0042,Hydrochlorothiazide,21,5,219.38
MED0043,Furosemide,349,9,140.6
MED0044,Hydrochlorothiazide,377,6,285.25
MED0045,Meloxicam,455,13,233.98
MED0046,Lovastatin,325,4,73.08
MED0047,Ibuprofen,418,3,109.15
MED0048,Insulin Glargine,108,5,63.35
MED0049,Duloxetine,265,11,242.43
MED0050,Venlafaxine,27,5,17.84
MED0051,Amlodipine,237,5,127.28
MED0052,Amoxicillin,481,5,229.28
MED0053,Omeprazole,348,7,111.09
MED0054,Doxycycline,342,11,185.25
MED0055,Allopurinol,76,13,54.14
MED0056,Venlafaxine,99,5,247.58
MED0057,Propranolol,399,5,262.07
MED0058,Albuterol,94,7,159.21
MED0059,Allopurinol,66,10,99.76
MED0060,Nitrofurantoin,209,3,198.23
MED0061,Glipizide,135,6,150.13
MED0062,Aspirin,433,12,232.47
MED0063,Propranolol,344,9,195.61
MED0064,Furosemide,438,10,225.81
MED0065,Furosemide,436,10,209.03
MED0066,Lisinopril,149,10,293.64
MED0067,Fluoxetine,138,8,263.15
MED0068,Tramadol,469,8,162.9
MED0069,Warfarin,273,8,248.92
MED0070,Albuterol,342,4,38.47
MED0071,Cyclobenzaprine,210,4,204.87
MED0072,Prednisone,404,6,172.04
MED0073,Trazodone,365,10,95.79
MED0074,Alprazolam,438,4,43.66
MED0075,Acetaminophen,265,2,243.99
MED0076,Alprazolam,226,5,118.16
MED0077,Lisinopril,416,8,175.25
MED0078,Metoprolol,266,9,84.35
MED0079,Pantoprazole,327,11,119.94
MED0080,Escitalopram,124,7,81.24
MED0081,Losartan,436,3,64.64
MED0082,Doxycycline,295,5,10.14
MED0083,Fenofibrate,364,12,47.06
MED0084,Cephalexin,207,5,153.27
MED0085,Simvastatin,269,5,249.43
MED0086,Trazodone,140,3,267.58
MED0087,Cephalexin,383,7,47.25
MED0088,Omeprazole,206,13,42.05
MED0089,Ibuprofen,288,5,211.24
MED0090,Fenofibrate,24,8,285.44
MED0091,Tramadol,357,4,213.87
MED0092,Rosuvastatin,404,8,121.65
MED0093,Hydrochlorothiazide,272,2,161.86
MED0094,Ethinyl Estradiol,47,13,31.53
MED0095,Sertraline,480,4,254.2
MED0096,Lisinopril,18,3,75.62
MED0097,Simvastatin,478,10,128.35
MED0098,Atorvastatin,28,12,220.67
MED0099,Cyclobenzaprine,71,7,209.2
MED0100,Clopidogrel,414,7,44.82
MED0101,Glipizide,60,10,176.19
MED0102,Alprazolam,370,8,152.69
MED0103,Acetaminophen,234,11,269.14
MED0104,Glipizide,80,2,138.86
MED0105,Oxycodone,333,11,51.61
MED0106,Simvastatin,132,8,101.04
MED0107,Fluticasone,86,10,156.48
MED0108,Warfarin,246,3,206.86
MED0109,Ethinyl Estradiol,317,8,31.98
MED0110,Meloxicam,266,13,94.63
MED0111,Atorvastatin,158,3,169.33
MED0112,Montelukast,274,10,220.55
MED0113,Clopidogrel,21,10,173.0
MED0114,Tamsulosin,357,3,40.89
MED0115,Ibuprofen,465,10,130.34
MED0116,Amoxicillin,22,4,126.23
MED0117,Omeprazole,219,2,26.29
MED0118,Amlodipine,211,13,284.34
MED0119,Nitrofurantoin,247,10,151.49
MED0120,Fluoxetine,239,4,110.44
MED0121,Hydrochlorothiazide,469,11,239.99
MED0122,Pantoprazole,392,4,146.25
MED0123,Omeprazole,283,2,204.48
MED0124,Trazodone,148,10,151.6
MED0125,Doxycycline,301,5,244.09
MED0126,Ibuprofen,160,10,269.68
MED0127,Tramadol,94,10,196.32
MED0128,Tamsulosin,181,8,58.05
MED0129,Cyclobenzaprine,352,6,226.99
MED0130,Sertraline,70,6,149.31
MED0131,Lorazepam,23,7,228.49
MED0132,Cephalexin,313,3,127.91
MED0133,Nifedipine,247,10,117.74
MED0134,Ranitidine,13,2,277.39
MED0135,Tamsulosin,279,6,72.46
MED0136,Allopurinol,365,9,132.19
MED0137,Metoprolol,470,7,76.4
MED0138,Citalopram,308,12,15.96
MED0139,Nifedipine,45,12,289.67
MED0140,Metformin,13,3,299.96
MED0141,Amlodipine,329,13,243.62
MED0142,Levothyroxine,121,10,230.72
MED0143,Lovastatin,66,7,12.59
MED0144,Metoprolol,436,8,60.43
MED0145,Duloxetine,354,8,131.33
MED0146,Duloxetine,97,12,218.89
MED0147,Fluoxetine,447,5,283.21
MED0148,Atorvastatin,85,5,97.16
MED0149,Metformin,387,7,158.02
MED0150,Montelukast,316,9,295.37
MED0151,Levothyroxine,89,5,111.9
MED0152,Venlafaxine,454,6,93.56
MED0153,Ethinyl Estradiol,422,6,231.54
MED0154,Fluticasone,466,11,97.72
MED0155,Propranolol,252,5,223.22
MED0156,Insulin Glargine,366,8,89.61
MED0157,Glipizide,224,4,135.83
MED0158,Fenofibrate,487,9,173.86
MED0159,Lorazepam,354,2,102.3
MED0160,Ranitidine,473,12,197.23
MED0161,Montelukast,481,13,230.56
MED0162,Duloxetine,467,10,280.32
MED0163,Losartan,177,12,246.01
MED0164,Nifedipine,440,5,64.22
MED0165,Albuterol,89,13,147.21
MED0166,Acetaminophen,378,12,253.23
MED0167,Losartan,75,5,233.19
MED0168,Lorazepam,138,5,168.05
MED0169,Furosemide,343,5,82.17
MED0170,Insulin Glargine,184,12,106.84
MED0171,Cephalexin,362,9,226.36
MED0172,Citalopram,266,10,56.98
MED0173,Lovastatin,461,5,186.75
MED0174,Allopurinol,433,2,135.77
MED0175,Tramadol,142,2,249.17
MED0176,Ethinyl Estradiol,100,13,95.8
MED0177,Fenofibrate,162,8,132.63
MED0178,Lovastatin,374,13,85.91
MED0179,Simvastatin,351,3,25.62
MED0180,Fluoxetine,347,11,138.45
MED0181,Prednisone,462,13,247.1
MED0182,Aspirin,82,3,146.5
MED0183,Prednisone,440,9,240.86
MED0184,Warfarin,279,6,77.51
MED0185,Amlodipine,42,12,268.27
MED0186,Pantoprazole,422,11,42.57
MED0187,Tamsulosin,264,7,244.89
MED0188,Meloxicam,240,2,228.75
MED0189,Fluticasone,469,7,30.99
MED0190,Levothyroxine,390,12,194.33
MED0191,Venlafaxine,218,2,138.16
MED0192,Gabapentin,294,10,219.81
MED0193,Sertraline,338,9,288.0
MED0194,Trazodone,70,12,272.86
MED0195,Cyclobenzaprine,466,6,285.23
MED0196,Propranolol,142,11,103.5
MED0197,Oxycodone,439,7,239.22
MED0198,Nitrofurantoin,338,5,135.34
MED0199,Gabapentin,396,4,224.23
MED0200,Insulin Glargine,466,8,92.76
