drug_name,status,date_updated,manufacturer,reason
Acetaminophen,Discontinued,2025-03-06,Pfizer,Increased demand
Nitrofurantoin,Ongoing,2024-05-26,Fresenius Kabi,Manufacturing delay
Duloxetine,Discontinued,2025-03-16,Fresenius Kabi,Manufacturing delay
Hydrochlorothiazide,Ongoing,2024-09-07,Pfizer,Business decision
Allopurinol,Ongoing,2024-12-29,Pfizer,Manufacturing delay
Omeprazole,Discontinued,2025-05-04,Teva,Increased demand
Tramadol,Discontinued,2024-11-29,Sagent,Business decision
Simvastatin,Discontinued,2024-10-06,Sagent,Manufacturing delay
Allopurinol,Ongoing,2024-10-22,Fresenius Kabi,Raw material shortage
Fenofibrate,Resolved,2024-09-24,Fresenius Kabi,Increased demand
Tramadol,Discontinued,2025-04-17,Hospira,Raw material shortage
Simvastatin,Resolved,2025-01-16,Sagent,Manufacturing delay
Fluoxetine,Ongoing,2024-07-15,Teva,Increased demand
Fenofibrate,Discontinued,2024-08-28,Hospira,Manufacturing delay
Albuterol,Ongoing,2024-12-09,Teva,Increased demand
Escitalopram,Ongoing,2024-10-29,Sagent,Increased demand
Tamsulosin,Discontinued,2024-09-21,Hospira,Business decision
Albuterol,Ongoing,2024-09-26,Fresenius Kabi,Raw material shortage
Simvastatin,Discontinued,2024-09-22,Sagent,Business decision
Amlodipine,Resolved,2024-05-23,Pfizer,Business decision
Doxycycline,Resolved,2025-02-26,Pfizer,Manufacturing delay
Acetaminophen,Resolved,2024-08-01,Pfizer,Raw material shortage
Nitrofurantoin,Discontinued,2024-09-20,Sagent,Manufacturing delay
Doxycycline,Ongoing,2024-08-20,Hospira,Manufacturing delay
Metoprolol,Ongoing,2024-12-20,Teva,Business decision
Fenofibrate,Resolved,2025-01-21,Fresenius Kabi,Business decision
Ibuprofen,Resolved,2024-12-17,Hospira,Increased demand
Alprazolam,Discontinued,2024-08-05,Hospira,Manufacturing delay
Ranitidine,Ongoing,2025-02-18,Fresenius Kabi,Raw material shortage
Allopurinol,Ongoing,2024-08-04,Pfizer,Manufacturing delay
Ibuprofen,Ongoing,2025-04-24,Sagent,Raw material shortage
Trazodone,Resolved,2025-02-24,Teva,Manufacturing delay
Metoprolol,Ongoing,2025-04-21,Hospira,Raw material shortage
Tamsulosin,Discontinued,2024-12-10,Hospira,Raw material shortage
Meloxicam,Resolved,2024-11-03,Teva,Business decision
Ranitidine,Ongoing,2025-04-04,Sagent,Increased demand
Warfarin,Ongoing,2025-02-19,Pfizer,Increased demand
Fenofibrate,Ongoing,2024-10-29,Sagent,Increased demand
Atorvastatin,Ongoing,2024-11-18,Sagent,Increased demand
Insulin Glargine,Discontinued,2024-05-11,Fresenius Kabi,Manufacturing delay
Simvastatin,Ongoing,2024-10-28,Fresenius Kabi,Business decision
Fenofibrate,Ongoing,2024-10-09,Hospira,Increased demand
Nitrofurantoin,Ongoing,2024-08-02,Pfizer,Increased demand
Propranolol,Ongoing,2025-04-15,Hospira,Increased demand
Omeprazole,Ongoing,2025-01-06,Fresenius Kabi,Increased demand
Lovastatin,Ongoing,2024-09-25,Sagent,Raw material shortage
Nitrofurantoin,Ongoing,2024-09-30,Hospira,Business decision
Pantoprazole,Resolved,2024-08-02,Teva,Increased demand
Alprazolam,Resolved,2025-05-08,Sagent,Manufacturing delay
Citalopram,Discontinued,2024-09-30,Sagent,Increased demand
Lorazepam,Discontinued,2025-04-04,Teva,Increased demand
Trazodone,Resolved,2024-12-04,Teva,Increased demand
Nitrofurantoin,Ongoing,2025-02-06,Pfizer,Raw material shortage
Losartan,Resolved,2025-01-26,Fresenius Kabi,Raw material shortage
Lisinopril,Ongoing,2024-11-14,Pfizer,Business decision
Albuterol,Resolved,2024-11-17,Pfizer,Increased demand
Hydrochlorothiazide,Ongoing,2024-07-15,Hospira,Business decision
Ibuprofen,Resolved,2025-03-21,Sagent,Raw material shortage
Amoxicillin,Discontinued,2024-06-14,Teva,Manufacturing delay
Lovastatin,Ongoing,2025-01-19,Teva,Increased demand
Ethinyl Estradiol,Resolved,2024-08-11,Pfizer,Increased demand
Tamsulosin,Discontinued,2024-06-24,Fresenius Kabi,Raw material shortage
Propranolol,Ongoing,2025-02-21,Pfizer,Increased demand
Atorvastatin,Resolved,2024-12-22,Sagent,Increased demand
Nifedipine,Discontinued,2025-01-07,Fresenius Kabi,Raw material shortage
Pantoprazole,Resolved,2024-12-27,Sagent,Raw material shortage
Pantoprazole,Ongoing,2024-12-14,Pfizer,Raw material shortage
Gabapentin,Resolved,2024-12-09,Pfizer,Manufacturing delay
Fenofibrate,Resolved,2025-02-07,Hospira,Business decision
Amlodipine,Ongoing,2025-04-21,Pfizer,Business decision
Metoprolol,Ongoing,2025-03-10,Teva,Manufacturing delay
Doxycycline,Ongoing,2024-06-26,Pfizer,Raw material shortage
Lisinopril,Ongoing,2024-08-05,Pfizer,Increased demand
Venlafaxine,Resolved,2024-11-27,Pfizer,Manufacturing delay
Insulin Glargine,Resolved,2024-12-18,Sagent,Business decision
Cephalexin,Resolved,2024-12-11,Teva,Manufacturing delay
Tamsulosin,Ongoing,2025-04-27,Sagent,Raw material shortage
Metformin,Ongoing,2024-11-15,Pfizer,Manufacturing delay
Insulin Glargine,Resolved,2024-11-07,Teva,Manufacturing delay
Tamsulosin,Ongoing,2024-06-15,Pfizer,Business decision
Tramadol,Resolved,2025-02-02,Hospira,Increased demand
Warfarin,Discontinued,2024-06-21,Sagent,Business decision
Rosuvastatin,Resolved,2024-06-27,Hospira,Business decision
Metformin,Ongoing,2024-07-22,Pfizer,Business decision
Doxycycline,Resolved,2024-07-15,Hospira,Manufacturing delay
Furosemide,Ongoing,2025-04-20,Sagent,Raw material shortage
Propranolol,Ongoing,2024-08-16,Sagent,Raw material shortage
Escitalopram,Ongoing,2024-11-12,Hospira,Raw material shortage
Alprazolam,Discontinued,2025-04-17,Teva,Raw material shortage
Pantoprazole,Discontinued,2025-03-11,Hospira,Raw material shortage
Hydrochlorothiazide,Ongoing,2024-08-26,Hospira,Business decision
Metoprolol,Resolved,2025-05-09,Teva,Manufacturing delay
Atorvastatin,Ongoing,2025-03-02,Sagent,Manufacturing delay
Metoprolol,Ongoing,2025-02-08,Teva,Raw material shortage
Glipizide,Resolved,2025-04-26,Sagent,Raw material shortage
Atorvastatin,Ongoing,2024-07-11,Hospira,Manufacturing delay
Lisinopril,Discontinued,2025-03-03,Hospira,Raw material shortage
Ibuprofen,Resolved,2024-11-10,Pfizer,Manufacturing delay
Clopidogrel,Discontinued,2024-08-08,Sagent,Manufacturing delay
Citalopram,Ongoing,2024-07-04,Fresenius Kabi,Business decision
Amlodipine,Ongoing,2024-12-10,Pfizer,Raw material shortage
Allopurinol,Ongoing,2024-09-28,Sagent,Manufacturing delay
Albuterol,Ongoing,2025-01-29,Sagent,Manufacturing delay
Simvastatin,Discontinued,2025-05-05,Sagent,Increased demand
Escitalopram,Discontinued,2024-11-03,Sagent,Raw material shortage
Duloxetine,Resolved,2025-03-28,Sagent,Raw material shortage
Amlodipine,Discontinued,2025-02-05,Hospira,Raw material shortage
Oxycodone,Ongoing,2024-10-04,Hospira,Manufacturing delay
Insulin Glargine,Resolved,2024-07-05,Pfizer,Increased demand
Ranitidine,Ongoing,2025-04-12,Sagent,Increased demand
Metoprolol,Resolved,2024-10-29,Teva,Increased demand
Furosemide,Discontinued,2024-08-16,Teva,Raw material shortage
Amoxicillin,Ongoing,2024-10-23,Fresenius Kabi,Raw material shortage
Tamsulosin,Ongoing,2025-04-14,Sagent,Raw material shortage
Ranitidine,Ongoing,2025-04-19,Sagent,Raw material shortage
Gabapentin,Ongoing,2025-04-25,Pfizer,Raw material shortage
Atorvastatin,Resolved,2024-12-23,Hospira,Raw material shortage
Warfarin,Resolved,2025-02-08,Sagent,Raw material shortage
Sertraline,Discontinued,2024-09-13,Pfizer,Increased demand
Rosuvastatin,Ongoing,2025-04-21,Fresenius Kabi,Raw material shortage
Duloxetine,Discontinued,2025-02-02,Hospira,Increased demand
Aspirin,Ongoing,2025-03-17,Sagent,Manufacturing delay
Clopidogrel,Ongoing,2025-04-18,Pfizer,Increased demand
Montelukast,Resolved,2024-12-17,Sagent,Business decision
Trazodone,Ongoing,2024-06-13,Teva,Business decision
Glipizide,Resolved,2024-12-23,Teva,Manufacturing delay
Sertraline,Resolved,2024-08-21,Teva,Manufacturing delay
Omeprazole,Ongoing,2024-07-10,Hospira,Increased demand
Prednisone,Ongoing,2024-08-05,Teva,Raw material shortage
Omeprazole,Ongoing,2024-05-28,Teva,Increased demand
Amoxicillin,Discontinued,2025-05-03,Sagent,Business decision
Levothyroxine,Ongoing,2024-12-17,Fresenius Kabi,Business decision
Fenofibrate,Resolved,2025-01-01,Pfizer,Business decision
Atorvastatin,Discontinued,2025-02-28,Fresenius Kabi,Increased demand
Rosuvastatin,Discontinued,2024-09-01,Sagent,Manufacturing delay
Clopidogrel,Ongoing,2025-04-04,Sagent,Manufacturing delay
Metformin,Resolved,2025-03-10,Fresenius Kabi,Raw material shortage
Glipizide,Ongoing,2024-05-11,Sagent,Raw material shortage
Furosemide,Discontinued,2024-05-30,Pfizer,Business decision
Lorazepam,Discontinued,2025-04-10,Sagent,Business decision
Atorvastatin,Resolved,2024-09-03,Pfizer,Increased demand
Allopurinol,Ongoing,2025-04-22,Pfizer,Business decision
Lorazepam,Ongoing,2025-02-12,Sagent,Manufacturing delay
Glipizide,Discontinued,2024-12-31,Teva,Manufacturing delay
Lovastatin,Resolved,2024-07-27,Fresenius Kabi,Increased demand
Nifedipine,Ongoing,2024-12-03,Hospira,Raw material shortage
Ranitidine,Resolved,2024-09-22,Hospira,Increased demand
Trazodone,Resolved,2025-05-07,Hospira,Manufacturing delay
Pantoprazole,Resolved,2024-05-31,Pfizer,Manufacturing delay
Amoxicillin,Ongoing,2024-06-02,Fresenius Kabi,Raw material shortage
Trazodone,Ongoing,2025-04-27,Pfizer,Increased demand
Gabapentin,Ongoing,2024-09-13,Pfizer,Manufacturing delay
Venlafaxine,Resolved,2024-09-10,Sagent,Raw material shortage
Amoxicillin,Discontinued,2024-12-05,Sagent,Raw material shortage
Lovastatin,Discontinued,2025-02-09,Pfizer,Manufacturing delay
Ethinyl Estradiol,Ongoing,2024-12-31,Hospira,Raw material shortage
Allopurinol,Ongoing,2024-10-21,Sagent,Raw material shortage
Ibuprofen,Resolved,2024-08-16,Teva,Manufacturing delay
Escitalopram,Resolved,2024-08-06,Pfizer,Raw material shortage
Fluoxetine,Resolved,2024-11-08,Fresenius Kabi,Raw material shortage
Losartan,Discontinued,2024-11-05,Pfizer,Raw material shortage
Fluticasone,Resolved,2024-08-08,Teva,Business decision
Fenofibrate,Resolved,2025-03-09,Sagent,Increased demand
Ibuprofen,Ongoing,2024-10-30,Teva,Business decision
Prednisone,Ongoing,2024-08-18,Pfizer,Increased demand
Citalopram,Resolved,2025-03-20,Teva,Manufacturing delay
Hydrochlorothiazide,Ongoing,2024-10-12,Hospira,Increased demand
Cephalexin,Discontinued,2024-10-27,Teva,Increased demand
Fluoxetine,Resolved,2024-10-05,Hospira,Raw material shortage
Losartan,Resolved,2025-01-10,Pfizer,Business decision
Ranitidine,Resolved,2024-09-29,Hospira,Manufacturing delay
Montelukast,Ongoing,2024-08-10,Teva,Raw material shortage
Amoxicillin,Ongoing,2024-05-23,Teva,Manufacturing delay
Ranitidine,Ongoing,2024-07-19,Sagent,Manufacturing delay
Montelukast,Ongoing,2024-11-30,Teva,Increased demand
Aspirin,Ongoing,2024-10-18,Hospira,Increased demand
Citalopram,Resolved,2024-11-30,Pfizer,Business decision
Aspirin,Resolved,2024-08-20,Fresenius Kabi,Manufacturing delay
Atorvastatin,Resolved,2025-01-23,Hospira,Raw material shortage
Sertraline,Discontinued,2025-03-05,Teva,Manufacturing delay
Trazodone,Resolved,2024-07-27,Hospira,Business decision
Fluoxetine,Ongoing,2025-01-08,Pfizer,Raw material shortage
Cyclobenzaprine,Discontinued,2024-09-24,Hospira,Manufacturing delay
Amoxicillin,Discontinued,2025-03-27,Fresenius Kabi,Manufacturing delay
Ethinyl Estradiol,Discontinued,2025-02-05,Fresenius Kabi,Raw material shortage
Amlodipine,Ongoing,2025-01-12,Teva,Manufacturing delay
Insulin Glargine,Discontinued,2024-07-19,Pfizer,Increased demand
Tamsulosin,Resolved,2024-07-18,Fresenius Kabi,Raw material shortage
Lorazepam,Resolved,2024-05-22,Pfizer,Increased demand
Tamsulosin,Resolved,2024-06-27,Fresenius Kabi,Manufacturing delay
Propranolol,Ongoing,2025-02-25,Sagent,Business decision
Sertraline,Ongoing,2024-10-29,Teva,Raw material shortage
Ibuprofen,Resolved,2024-12-10,Pfizer,Increased demand
Fluticasone,Ongoing,2024-07-29,Hospira,Increased demand
Warfarin,Discontinued,2025-03-14,Hospira,Raw material shortage
Oxycodone,Resolved,2025-01-04,Fresenius Kabi,Increased demand
Alprazolam,Ongoing,2024-06-16,Pfizer,Manufacturing delay
Levothyroxine,Resolved,2024-12-03,Pfizer,Increased demand
Warfarin,Resolved,2024-07-14,Hospira,Increased demand
Ethinyl Estradiol,Ongoing,2025-01-12,Sagent,Raw material shortage
