procedure_code,date,expected_consumables
PROC016,2025-05-10,"['Hydrochlorothiazide', 'Doxycycline']"
PROC002,2025-05-10,"['Ethinyl Estradiol', 'Albuterol', 'Venlafaxine']"
PROC016,2025-05-12,"['Ethinyl Estradiol', 'Lorazepam', 'Simvastatin']"
PROC013,2025-05-12,['Levothyroxine']
PROC009,2025-05-18,"['Atorvastatin', 'Nifedipine', 'Metformin']"
PROC007,2025-05-22,"['Simvastatin', 'Duloxetine', 'Losartan']"
PROC005,2025-05-13,['Oxycodone']
PROC011,2025-05-14,['Levothyroxine']
PROC013,2025-05-12,"['Acetaminophen', 'Allopurinol']"
PROC004,2025-05-12,"['Alprazolam', 'Ethinyl Estradiol']"
PROC012,2025-05-17,"['Meloxicam', 'Fluticasone', 'Nitrofurantoin']"
PROC006,2025-05-14,"['Clopidogrel', 'Insulin Glargine', 'Lisinopril']"
PROC008,2025-05-15,"['Fluoxetine', 'Albuterol']"
PROC012,2025-05-14,"['Warfarin', 'Levothyroxine']"
PROC015,2025-05-23,"['Clopidogrel', 'Pantoprazole', 'Duloxetine']"
PROC012,2025-05-18,['Propranolol']
PROC007,2025-05-18,"['Ibuprofen', 'Duloxetine', 'Venlafaxine']"
PROC017,2025-05-21,"['Hydrochlorothiazide', 'Fluoxetine', 'Ethinyl Estradiol']"
PROC008,2025-05-11,"['Tramadol', 'Aspirin', 'Clopidogrel']"
PROC017,2025-05-18,['Omeprazole']
PROC010,2025-05-23,"['Warfarin', 'Oxycodone']"
PROC007,2025-05-13,['Atorvastatin']
PROC019,2025-05-10,"['Warfarin', 'Meloxicam']"
PROC004,2025-05-14,"['Oxycodone', 'Rosuvastatin', 'Clopidogrel']"
PROC006,2025-05-18,['Losartan']
PROC017,2025-05-21,['Amlodipine']
PROC015,2025-05-13,['Tramadol']
PROC010,2025-05-20,"['Furosemide', 'Ibuprofen', 'Warfarin']"
PROC018,2025-05-23,['Amoxicillin']
PROC018,2025-05-10,"['Cephalexin', 'Allopurinol', 'Duloxetine']"
PROC017,2025-05-22,"['Cephalexin', 'Glipizide']"
PROC011,2025-05-11,"['Oxycodone', 'Amoxicillin', 'Albuterol']"
PROC004,2025-05-13,"['Escitalopram', 'Lovastatin', 'Sertraline']"
PROC013,2025-05-10,"['Ibuprofen', 'Aspirin', 'Amlodipine']"
PROC020,2025-05-16,"['Albuterol', 'Cyclobenzaprine']"
PROC014,2025-05-10,"['Pantoprazole', 'Furosemide', 'Atorvastatin']"
PROC004,2025-05-15,"['Amlodipine', 'Montelukast', 'Montelukast']"
PROC018,2025-05-22,"['Fluoxetine', 'Trazodone']"
PROC017,2025-05-15,['Acetaminophen']
PROC011,2025-05-12,"['Cephalexin', 'Rosuvastatin']"
PROC006,2025-05-16,['Amoxicillin']
PROC018,2025-05-23,"['Fluticasone', 'Simvastatin']"
PROC017,2025-05-19,"['Losartan', 'Ibuprofen', 'Omeprazole']"
PROC019,2025-05-14,"['Amoxicillin', 'Tramadol', 'Levothyroxine']"
PROC006,2025-05-13,['Allopurinol']
PROC013,2025-05-17,"['Prednisone', 'Cyclobenzaprine']"
PROC017,2025-05-18,"['Insulin Glargine', 'Fluticasone']"
PROC014,2025-05-17,"['Venlafaxine', 'Escitalopram']"
PROC017,2025-05-19,"['Ranitidine', 'Furosemide', 'Escitalopram']"
PROC007,2025-05-16,"['Alprazolam', 'Lovastatin', 'Lovastatin']"
PROC005,2025-05-16,['Escitalopram']
PROC014,2025-05-15,"['Lorazepam', 'Lorazepam', 'Alprazolam']"
PROC011,2025-05-20,['Atorvastatin']
PROC014,2025-05-14,"['Albuterol', 'Ranitidine', 'Lorazepam']"
PROC020,2025-05-12,"['Fenofibrate', 'Omeprazole']"
PROC006,2025-05-20,"['Pantoprazole', 'Nitrofurantoin', 'Albuterol']"
PROC003,2025-05-20,"['Atorvastatin', 'Duloxetine']"
PROC003,2025-05-18,['Venlafaxine']
PROC015,2025-05-13,"['Tamsulosin', 'Prednisone']"
PROC003,2025-05-20,"['Levothyroxine', 'Atorvastatin', 'Doxycycline']"
PROC018,2025-05-16,['Metoprolol']
PROC005,2025-05-11,"['Fenofibrate', 'Metformin', 'Alprazolam']"
PROC004,2025-05-14,['Tamsulosin']
PROC007,2025-05-18,['Alprazolam']
PROC020,2025-05-10,"['Metoprolol', 'Ranitidine', 'Prednisone']"
PROC017,2025-05-11,"['Amoxicillin', 'Citalopram', 'Fenofibrate']"
PROC014,2025-05-12,"['Gabapentin', 'Clopidogrel', 'Nitrofurantoin']"
PROC010,2025-05-10,"['Amlodipine', 'Tramadol', 'Prednisone']"
PROC014,2025-05-18,"['Prednisone', 'Trazodone']"
PROC019,2025-05-14,"['Tramadol', 'Lisinopril']"
PROC011,2025-05-19,['Montelukast']
PROC020,2025-05-11,"['Metformin', 'Hydrochlorothiazide', 'Amlodipine']"
PROC017,2025-05-20,['Atorvastatin']
PROC017,2025-05-23,"['Sertraline', 'Hydrochlorothiazide']"
PROC020,2025-05-13,"['Duloxetine', 'Duloxetine', 'Venlafaxine']"
PROC016,2025-05-22,['Prednisone']
PROC018,2025-05-23,['Lovastatin']
PROC020,2025-05-21,"['Escitalopram', 'Nitrofurantoin']"
PROC012,2025-05-22,"['Losartan', 'Fenofibrate', 'Lorazepam']"
PROC014,2025-05-10,['Fluoxetine']
PROC017,2025-05-13,['Losartan']
PROC013,2025-05-11,['Prednisone']
PROC002,2025-05-18,['Duloxetine']
PROC014,2025-05-21,['Lisinopril']
PROC001,2025-05-14,['Levothyroxine']
PROC003,2025-05-14,"['Propranolol', 'Duloxetine']"
PROC013,2025-05-23,"['Levothyroxine', 'Propranolol', 'Furosemide']"
PROC007,2025-05-16,"['Duloxetine', 'Oxycodone', 'Fluoxetine']"
PROC018,2025-05-22,['Tramadol']
PROC002,2025-05-15,['Acetaminophen']
PROC005,2025-05-18,"['Lisinopril', 'Ethinyl Estradiol', 'Nifedipine']"
PROC011,2025-05-22,['Ethinyl Estradiol']
PROC010,2025-05-11,"['Allopurinol', 'Pantoprazole']"
PROC019,2025-05-13,"['Allopurinol', 'Furosemide']"
PROC011,2025-05-19,['Montelukast']
PROC003,2025-05-20,['Doxycycline']
PROC004,2025-05-13,['Ethinyl Estradiol']
PROC004,2025-05-13,['Clopidogrel']
PROC008,2025-05-17,"['Alprazolam', 'Albuterol']"
PROC008,2025-05-10,"['Fluoxetine', 'Meloxicam']"
PROC014,2025-05-12,['Ibuprofen']
PROC005,2025-05-14,['Clopidogrel']
PROC018,2025-05-10,"['Losartan', 'Cephalexin', 'Sertraline']"
PROC013,2025-05-11,"['Prednisone', 'Fluoxetine']"
PROC007,2025-05-22,['Acetaminophen']
PROC007,2025-05-17,"['Gabapentin', 'Clopidogrel', 'Alprazolam']"
PROC010,2025-05-13,['Clopidogrel']
PROC015,2025-05-22,"['Aspirin', 'Fenofibrate', 'Acetaminophen']"
PROC020,2025-05-15,"['Metoprolol', 'Fluoxetine']"
PROC016,2025-05-18,"['Losartan', 'Nitrofurantoin']"
PROC002,2025-05-22,"['Lisinopril', 'Ethinyl Estradiol']"
PROC004,2025-05-12,"['Levothyroxine', 'Trazodone', 'Prednisone']"
PROC004,2025-05-12,"['Trazodone', 'Warfarin', 'Oxycodone']"
PROC014,2025-05-18,['Nifedipine']
PROC018,2025-05-19,"['Fluoxetine', 'Losartan']"
PROC006,2025-05-18,['Omeprazole']
PROC004,2025-05-14,"['Nifedipine', 'Citalopram']"
PROC014,2025-05-14,"['Ethinyl Estradiol', 'Simvastatin']"
PROC015,2025-05-10,['Cephalexin']
PROC013,2025-05-15,['Cephalexin']
PROC016,2025-05-18,"['Nifedipine', 'Clopidogrel']"
PROC016,2025-05-11,['Levothyroxine']
PROC005,2025-05-23,['Acetaminophen']
PROC003,2025-05-21,['Cephalexin']
PROC014,2025-05-21,['Tamsulosin']
PROC005,2025-05-20,['Insulin Glargine']
PROC017,2025-05-12,['Ranitidine']
PROC014,2025-05-12,['Losartan']
PROC009,2025-05-23,"['Nifedipine', 'Metformin', 'Hydrochlorothiazide']"
PROC008,2025-05-22,"['Insulin Glargine', 'Albuterol']"
PROC020,2025-05-11,['Simvastatin']
PROC008,2025-05-14,"['Trazodone', 'Sertraline']"
PROC004,2025-05-10,"['Fenofibrate', 'Rosuvastatin']"
PROC013,2025-05-17,"['Simvastatin', 'Glipizide', 'Propranolol']"
PROC009,2025-05-10,['Prednisone']
PROC015,2025-05-10,"['Propranolol', 'Cephalexin']"
PROC017,2025-05-18,['Pantoprazole']
PROC004,2025-05-20,"['Prednisone', 'Meloxicam']"
PROC013,2025-05-23,['Nifedipine']
PROC020,2025-05-13,['Warfarin']
PROC020,2025-05-11,"['Metoprolol', 'Ranitidine']"
PROC014,2025-05-21,"['Escitalopram', 'Atorvastatin']"
PROC017,2025-05-23,['Citalopram']
PROC006,2025-05-12,"['Furosemide', 'Doxycycline', 'Lisinopril']"
PROC020,2025-05-18,"['Gabapentin', 'Ethinyl Estradiol', 'Fenofibrate']"
PROC018,2025-05-10,"['Fluticasone', 'Gabapentin']"
PROC019,2025-05-21,['Alprazolam']
PROC010,2025-05-18,"['Nifedipine', 'Allopurinol']"
PROC019,2025-05-16,"['Hydrochlorothiazide', 'Venlafaxine', 'Alprazolam']"
PROC004,2025-05-18,['Fluoxetine']
PROC019,2025-05-14,"['Clopidogrel', 'Simvastatin']"
PROC009,2025-05-10,"['Ranitidine', 'Montelukast', 'Losartan']"
PROC019,2025-05-22,['Gabapentin']
PROC008,2025-05-18,"['Gabapentin', 'Escitalopram']"
PROC020,2025-05-17,['Prednisone']
PROC002,2025-05-22,"['Aspirin', 'Rosuvastatin']"
PROC008,2025-05-21,"['Pantoprazole', 'Losartan', 'Montelukast']"
PROC013,2025-05-19,"['Prednisone', 'Trazodone', 'Escitalopram']"
PROC009,2025-05-23,['Nitrofurantoin']
PROC009,2025-05-16,"['Ranitidine', 'Warfarin', 'Trazodone']"
PROC011,2025-05-18,"['Ethinyl Estradiol', 'Trazodone', 'Acetaminophen']"
PROC013,2025-05-10,"['Fenofibrate', 'Montelukast']"
PROC008,2025-05-16,"['Metoprolol', 'Meloxicam', 'Prednisone']"
PROC017,2025-05-22,"['Omeprazole', 'Duloxetine']"
PROC006,2025-05-14,"['Simvastatin', 'Escitalopram', 'Amlodipine']"
PROC011,2025-05-14,"['Acetaminophen', 'Simvastatin', 'Metoprolol']"
PROC011,2025-05-15,"['Sertraline', 'Propranolol', 'Nifedipine']"
PROC001,2025-05-18,"['Fenofibrate', 'Aspirin']"
PROC007,2025-05-16,"['Allopurinol', 'Rosuvastatin']"
PROC005,2025-05-17,"['Citalopram', 'Trazodone', 'Cyclobenzaprine']"
PROC015,2025-05-16,['Gabapentin']
PROC009,2025-05-12,"['Lovastatin', 'Rosuvastatin']"
PROC003,2025-05-10,['Warfarin']
PROC017,2025-05-21,['Prednisone']
PROC014,2025-05-18,"['Lovastatin', 'Warfarin']"
PROC002,2025-05-19,"['Gabapentin', 'Losartan', 'Aspirin']"
PROC015,2025-05-21,['Ethinyl Estradiol']
PROC007,2025-05-20,"['Aspirin', 'Lovastatin']"
PROC020,2025-05-19,"['Simvastatin', 'Gabapentin', 'Ranitidine']"
PROC008,2025-05-17,"['Gabapentin', 'Omeprazole']"
PROC018,2025-05-18,"['Furosemide', 'Ethinyl Estradiol']"
PROC003,2025-05-16,"['Lisinopril', 'Glipizide', 'Duloxetine']"
PROC020,2025-05-22,"['Lorazepam', 'Aspirin', 'Citalopram']"
PROC005,2025-05-17,"['Prednisone', 'Ibuprofen', 'Fluoxetine']"
PROC005,2025-05-11,['Prednisone']
PROC018,2025-05-17,['Hydrochlorothiazide']
PROC013,2025-05-12,"['Duloxetine', 'Cephalexin']"
PROC004,2025-05-12,"['Doxycycline', 'Alprazolam', 'Metoprolol']"
PROC005,2025-05-19,"['Warfarin', 'Venlafaxine']"
PROC004,2025-05-18,"['Trazodone', 'Ibuprofen']"
PROC012,2025-05-20,['Acetaminophen']
PROC019,2025-05-11,['Sertraline']
PROC008,2025-05-17,"['Lisinopril', 'Warfarin', 'Nitrofurantoin']"
PROC007,2025-05-16,"['Montelukast', 'Glipizide', 'Aspirin']"
PROC001,2025-05-18,"['Duloxetine', 'Lisinopril', 'Amlodipine']"
PROC008,2025-05-20,"['Amoxicillin', 'Fluticasone', 'Metoprolol']"
PROC017,2025-05-13,['Ranitidine']
PROC009,2025-05-13,"['Lovastatin', 'Cyclobenzaprine']"
PROC012,2025-05-14,['Nitrofurantoin']
PROC011,2025-05-17,"['Metoprolol', 'Allopurinol']"
