drug_id,units_dispensed,timestamp,patient_dept,drug_name
MED0181,4,2025-05-09 20:10:27.926498,ER,Prednisone
MED0139,3,2025-05-09 20:10:27.926526,ER,Nifedipine
MED0036,6,2025-05-07 12:10:27.926533,Surgery,Prednisone
MED0076,8,2025-05-09 04:10:27.926538,Surgery,Alprazolam
MED0157,9,2025-05-07 08:10:27.926544,Surgery,Glipizide
MED0188,3,2025-05-07 18:10:27.926549,Pediatrics,Meloxicam
MED0194,1,2025-05-08 14:10:27.926555,Surgery,Trazodone
MED0111,2,2025-05-07 08:10:27.926561,ICU,Atorvastatin
MED0082,5,2025-05-08 14:10:27.926568,ER,Doxycycline
MED0088,5,2025-05-07 23:10:27.926573,Surgery,Omeprazole
MED0172,2,2025-05-10 04:10:27.926578,Pediatrics,Citalopram
MED0176,4,2025-05-08 20:10:27.926583,Oncology,Ethinyl Estradiol
MED0170,1,2025-05-09 12:10:27.926588,Oncology,Insulin Glargine
MED0173,8,2025-05-09 21:10:27.926593,ICU,Lovastatin
MED0114,7,2025-05-08 05:10:27.926598,Oncology,Tamsulosin
MED0139,4,2025-05-09 06:10:27.926603,ICU,Nifedipine
MED0021,5,2025-05-10 00:10:27.926608,Oncology,Alprazolam
MED0073,6,2025-05-09 07:10:27.926613,ER,Trazodone
MED0185,2,2025-05-09 16:10:27.926618,Oncology,Amlodipine
MED0192,4,2025-05-08 12:10:27.926624,ER,Gabapentin
MED0102,7,2025-05-09 17:10:27.926641,Oncology,Alprazolam
MED0103,9,2025-05-09 13:10:27.926646,ER,Acetaminophen
MED0149,2,2025-05-08 10:10:27.926651,Oncology,Metformin
MED0097,3,2025-05-09 01:10:27.926655,Oncology,Simvastatin
MED0168,9,2025-05-08 16:10:27.926660,Pediatrics,Lorazepam
MED0035,4,2025-05-09 04:10:27.926666,Pediatrics,Fluticasone
MED0124,4,2025-05-08 20:10:27.926671,Surgery,Trazodone
MED0070,4,2025-05-08 07:10:27.926676,Pediatrics,Albuterol
MED0087,7,2025-05-09 00:10:27.926681,Pediatrics,Cephalexin
MED0034,3,2025-05-07 22:10:27.926686,ICU,Clopidogrel
MED0111,1,2025-05-08 05:10:27.926691,Surgery,Atorvastatin
MED0010,4,2025-05-07 15:10:27.926696,Surgery,Lisinopril
MED0018,2,2025-05-07 16:10:27.926701,ER,Acetaminophen
MED0080,3,2025-05-08 02:10:27.926706,Oncology,Escitalopram
MED0155,4,2025-05-07 06:10:27.926711,ER,Propranolol
MED0051,4,2025-05-08 10:10:27.926716,Surgery,Amlodipine
MED0113,5,2025-05-09 10:10:27.926721,Oncology,Clopidogrel
MED0104,6,2025-05-07 17:10:27.926726,Surgery,Glipizide
MED0190,5,2025-05-07 16:10:27.926731,Surgery,Levothyroxine
MED0123,7,2025-05-08 18:10:27.926736,Surgery,Omeprazole
MED0072,8,2025-05-07 07:10:27.926742,ER,Prednisone
MED0149,1,2025-05-07 18:10:27.926752,ER,Metformin
MED0048,3,2025-05-07 14:10:27.926760,Pediatrics,Insulin Glargine
MED0195,1,2025-05-08 03:10:27.926768,Surgery,Cyclobenzaprine
MED0176,2,2025-05-07 21:10:27.926773,Surgery,Ethinyl Estradiol
MED0196,4,2025-05-08 13:10:27.926778,Surgery,Propranolol
MED0113,1,2025-05-08 20:10:27.926783,Oncology,Clopidogrel
MED0170,7,2025-05-09 04:10:27.926788,Oncology,Insulin Glargine
MED0055,4,2025-05-07 13:10:27.926793,Pediatrics,Allopurinol
MED0105,3,2025-05-09 00:10:27.926797,Surgery,Oxycodone
MED0127,2,2025-05-09 19:10:27.926802,Oncology,Tramadol
MED0088,1,2025-05-08 04:10:27.926807,ICU,Omeprazole
MED0016,6,2025-05-09 16:10:27.926812,Surgery,Metformin
MED0122,9,2025-05-08 07:10:27.926817,Oncology,Pantoprazole
MED0101,5,2025-05-09 16:10:27.926831,ICU,Glipizide
MED0199,6,2025-05-09 02:10:27.926836,Oncology,Gabapentin
MED0056,7,2025-05-09 00:10:27.926841,ER,Venlafaxine
MED0104,5,2025-05-08 10:10:27.926846,ICU,Glipizide
MED0031,7,2025-05-08 12:10:27.926851,Pediatrics,Gabapentin
MED0043,1,2025-05-08 14:10:27.926856,Oncology,Furosemide
MED0171,7,2025-05-08 15:10:27.926861,Surgery,Cephalexin
MED0188,6,2025-05-09 14:10:27.926866,Pediatrics,Meloxicam
MED0111,6,2025-05-09 23:10:27.926871,Surgery,Atorvastatin
MED0050,9,2025-05-07 08:10:27.926876,Pediatrics,Venlafaxine
MED0039,3,2025-05-07 19:10:27.926888,Surgery,Rosuvastatin
MED0035,9,2025-05-08 13:10:27.926895,ER,Fluticasone
MED0195,5,2025-05-08 20:10:27.926900,Pediatrics,Cyclobenzaprine
MED0144,1,2025-05-08 03:10:27.926905,Oncology,Metoprolol
MED0103,1,2025-05-07 20:10:27.926910,ICU,Acetaminophen
MED0048,2,2025-05-07 18:10:27.926915,ER,Insulin Glargine
MED0049,4,2025-05-07 15:10:27.926920,Oncology,Duloxetine
MED0108,8,2025-05-08 15:10:27.926925,Pediatrics,Warfarin
MED0092,8,2025-05-08 21:10:27.926930,Pediatrics,Rosuvastatin
MED0098,9,2025-05-09 11:10:27.926935,ER,Atorvastatin
MED0110,4,2025-05-07 15:10:27.926940,Pediatrics,Meloxicam
MED0013,9,2025-05-08 04:10:27.926945,Surgery,Rosuvastatin
MED0108,3,2025-05-07 11:10:27.926950,ER,Warfarin
MED0067,1,2025-05-08 12:10:27.926955,Oncology,Fluoxetine
MED0110,8,2025-05-08 07:10:27.926960,Pediatrics,Meloxicam
MED0026,4,2025-05-07 13:10:27.926965,Surgery,Escitalopram
MED0029,3,2025-05-09 20:10:27.926970,Surgery,Warfarin
MED0094,8,2025-05-08 10:10:27.926975,Surgery,Ethinyl Estradiol
MED0075,9,2025-05-08 13:10:27.926980,Pediatrics,Acetaminophen
MED0007,6,2025-05-09 22:10:27.926985,ICU,Escitalopram
MED0056,1,2025-05-10 02:10:27.926990,Oncology,Venlafaxine
MED0047,5,2025-05-09 10:10:27.926995,Oncology,Ibuprofen
MED0141,8,2025-05-09 06:10:27.927000,Surgery,Amlodipine
MED0012,1,2025-05-09 19:10:27.927005,Oncology,Pantoprazole
MED0060,9,2025-05-08 04:10:27.927010,ICU,Nitrofurantoin
MED0152,4,2025-05-08 12:10:27.927015,ICU,Venlafaxine
MED0157,2,2025-05-08 00:10:27.927020,ER,Glipizide
MED0090,5,2025-05-09 10:10:27.927025,ER,Fenofibrate
MED0119,7,2025-05-08 17:10:27.927030,ER,Nitrofurantoin
MED0171,1,2025-05-08 09:10:27.927035,Oncology,Cephalexin
MED0115,8,2025-05-09 17:10:27.927040,Pediatrics,Ibuprofen
MED0017,8,2025-05-07 12:10:27.927045,Surgery,Amoxicillin
MED0112,8,2025-05-08 05:10:27.927050,Pediatrics,Montelukast
MED0169,4,2025-05-09 01:10:27.927055,ER,Furosemide
MED0028,5,2025-05-08 21:10:27.927060,Surgery,Meloxicam
MED0160,4,2025-05-07 11:10:27.927073,Pediatrics,Ranitidine
MED0097,7,2025-05-09 11:10:27.927078,Pediatrics,Simvastatin
MED0108,7,2025-05-09 15:10:27.927083,Oncology,Warfarin
MED0163,6,2025-05-08 19:10:27.927088,Oncology,Losartan
MED0160,4,2025-05-08 11:10:27.927093,ICU,Ranitidine
MED0146,8,2025-05-09 02:10:27.927098,ICU,Duloxetine
MED0077,9,2025-05-08 15:10:27.927103,Oncology,Lisinopril
MED0056,9,2025-05-08 15:10:27.927108,ER,Venlafaxine
MED0165,2,2025-05-09 19:10:27.927112,Oncology,Albuterol
MED0083,7,2025-05-09 18:10:27.927117,Oncology,Fenofibrate
MED0122,7,2025-05-07 23:10:27.927128,Pediatrics,Pantoprazole
MED0091,1,2025-05-08 08:10:27.927148,ER,Tramadol
MED0066,6,2025-05-08 12:10:27.927153,Oncology,Lisinopril
MED0192,9,2025-05-08 03:10:27.927158,Oncology,Gabapentin
MED0018,9,2025-05-09 05:10:27.927163,ICU,Acetaminophen
MED0048,5,2025-05-09 13:10:27.927168,Pediatrics,Insulin Glargine
MED0162,5,2025-05-09 05:10:27.927172,ER,Duloxetine
MED0108,8,2025-05-07 16:10:27.927177,ER,Warfarin
MED0001,7,2025-05-08 05:10:27.927182,ICU,Rosuvastatin
MED0160,9,2025-05-07 11:10:27.927187,Surgery,Ranitidine
MED0043,3,2025-05-08 06:10:27.927192,Surgery,Furosemide
MED0065,7,2025-05-09 02:10:27.927197,ER,Furosemide
MED0183,1,2025-05-09 06:10:27.927202,Surgery,Prednisone
MED0027,5,2025-05-09 05:10:27.927207,Oncology,Sertraline
MED0183,9,2025-05-07 12:10:27.927212,Oncology,Prednisone
MED0094,9,2025-05-07 21:10:27.927216,ER,Ethinyl Estradiol
MED0005,8,2025-05-08 07:10:27.927221,Pediatrics,Citalopram
MED0179,5,2025-05-08 15:10:27.927226,ER,Simvastatin
MED0089,6,2025-05-08 13:10:27.927231,ICU,Ibuprofen
MED0038,8,2025-05-08 02:10:27.927236,Surgery,Clopidogrel
MED0015,3,2025-05-10 02:10:27.927242,Pediatrics,Montelukast
MED0158,3,2025-05-08 03:10:27.927247,Oncology,Fenofibrate
MED0135,8,2025-05-09 00:10:27.927252,ICU,Tamsulosin
MED0139,7,2025-05-09 22:10:27.927265,ER,Nifedipine
MED0037,7,2025-05-09 06:10:27.927271,Surgery,Oxycodone
MED0190,9,2025-05-07 19:10:27.927276,Surgery,Levothyroxine
MED0029,8,2025-05-08 14:10:27.927281,Oncology,Warfarin
MED0070,7,2025-05-08 07:10:27.927285,Surgery,Albuterol
MED0120,3,2025-05-07 16:10:27.927290,ER,Fluoxetine
MED0183,4,2025-05-09 05:10:27.927295,Pediatrics,Prednisone
MED0034,7,2025-05-08 03:10:27.927300,ER,Clopidogrel
MED0128,5,2025-05-09 06:10:27.927305,ICU,Tamsulosin
MED0124,4,2025-05-08 13:10:27.927310,Surgery,Trazodone
MED0190,7,2025-05-07 17:10:27.927314,ER,Levothyroxine
MED0016,9,2025-05-08 00:10:27.927319,Oncology,Metformin
MED0053,2,2025-05-09 22:10:27.927324,ICU,Omeprazole
MED0010,6,2025-05-08 17:10:27.927329,Pediatrics,Lisinopril
MED0115,9,2025-05-08 23:10:27.927334,Oncology,Ibuprofen
MED0101,1,2025-05-09 11:10:27.927339,ICU,Glipizide
MED0192,2,2025-05-07 15:10:27.927344,ICU,Gabapentin
MED0149,1,2025-05-09 02:10:27.927349,Oncology,Metformin
MED0042,5,2025-05-09 06:10:27.927354,Surgery,Hydrochlorothiazide
MED0167,9,2025-05-07 14:10:27.927359,ICU,Losartan
MED0141,4,2025-05-07 16:10:27.927364,ICU,Amlodipine
MED0178,8,2025-05-09 16:10:27.927369,ICU,Lovastatin
MED0056,4,2025-05-10 01:10:27.927374,Pediatrics,Venlafaxine
MED0122,4,2025-05-07 11:10:27.927379,Surgery,Pantoprazole
MED0061,6,2025-05-09 02:10:27.927384,ICU,Glipizide
MED0069,9,2025-05-07 17:10:27.927389,Oncology,Warfarin
MED0090,4,2025-05-09 12:10:27.927394,Pediatrics,Fenofibrate
MED0157,8,2025-05-10 00:10:27.927398,Oncology,Glipizide
MED0083,5,2025-05-08 04:10:27.927403,ER,Fenofibrate
MED0105,6,2025-05-09 14:10:27.927408,Pediatrics,Oxycodone
MED0015,1,2025-05-08 04:10:27.927413,Pediatrics,Montelukast
MED0166,2,2025-05-07 22:10:27.927418,Pediatrics,Acetaminophen
MED0165,2,2025-05-07 06:10:27.927423,Oncology,Albuterol
MED0104,9,2025-05-07 12:10:27.927428,ICU,Glipizide
MED0005,9,2025-05-08 12:10:27.927433,ICU,Citalopram
MED0081,4,2025-05-08 17:10:27.927438,ER,Losartan
MED0077,6,2025-05-07 10:10:27.927443,Surgery,Lisinopril
MED0136,1,2025-05-07 22:10:27.927447,Surgery,Allopurinol
MED0011,1,2025-05-09 16:10:27.927453,ER,Nifedipine
MED0135,1,2025-05-09 08:10:27.927458,Pediatrics,Tamsulosin
MED0030,1,2025-05-08 02:10:27.927463,Surgery,Amoxicillin
MED0067,1,2025-05-08 11:10:27.927469,Pediatrics,Fluoxetine
MED0047,7,2025-05-09 01:10:27.927477,Surgery,Ibuprofen
MED0152,2,2025-05-10 01:10:27.927486,ICU,Venlafaxine
MED0159,2,2025-05-09 18:10:27.927494,Pediatrics,Lorazepam
MED0123,6,2025-05-09 17:10:27.927502,ICU,Omeprazole
MED0069,2,2025-05-09 11:10:27.927511,Pediatrics,Warfarin
MED0036,8,2025-05-07 11:10:27.927516,ER,Prednisone
MED0032,2,2025-05-07 19:10:27.927521,ER,Metoprolol
MED0159,9,2025-05-08 05:10:27.927525,Surgery,Lorazepam
MED0133,2,2025-05-07 15:10:27.927531,ER,Nifedipine
MED0106,4,2025-05-09 14:10:27.927536,Oncology,Simvastatin
MED0001,4,2025-05-09 23:10:27.927540,Pediatrics,Rosuvastatin
MED0165,6,2025-05-07 12:10:27.927545,Oncology,Albuterol
MED0024,2,2025-05-09 14:10:27.927550,Pediatrics,Ranitidine
MED0031,3,2025-05-09 00:10:27.927555,ICU,Gabapentin
MED0148,8,2025-05-09 13:10:27.927560,ER,Atorvastatin
MED0049,4,2025-05-09 13:10:27.927564,Pediatrics,Duloxetine
MED0080,9,2025-05-08 18:10:27.927571,Oncology,Escitalopram
MED0040,4,2025-05-08 17:10:27.927579,Surgery,Aspirin
MED0087,9,2025-05-09 19:10:27.927587,ER,Cephalexin
MED0182,6,2025-05-07 22:10:27.927595,Pediatrics,Aspirin
MED0120,9,2025-05-09 21:10:27.927600,Oncology,Fluoxetine
MED0084,2,2025-05-09 10:10:27.927604,Oncology,Cephalexin
MED0186,9,2025-05-09 03:10:27.927609,Surgery,Pantoprazole
MED0118,3,2025-05-09 12:10:27.927614,Oncology,Amlodipine
MED0052,8,2025-05-07 13:10:27.927619,ER,Amoxicillin
MED0172,1,2025-05-08 03:10:27.927624,ICU,Citalopram
